{
    "global": {
        "show_in_menu_bar": false
    },
    "profiles": [
        {
            "name": "Default profile",
            "selected": true,
            "complex_modifications": {
                "rules": []
            },
            "devices": [
                {
                    "identifiers": {
                        "is_keyboard": true,
                        "is_pointing_device": true,
                        "product_id": 45914,
                        "vendor_id": 1133
                    },
                    "ignore": false,
                    "ignore_vendor_events": true,
                    "treat_as_built_in_keyboard": true
                }
            ],
            "virtual_hid_keyboard": {
                "country_code": 0,
                "keyboard_type": "iso",
                "keyboard_type_v2": "iso"
            }
        },
        {
            "name": "DisabledKeys",
            "complex_modifications": {
                "rules": []
            },
            "virtual_hid_keyboard": {
                "country_code": 0,
                "keyboard_type": "iso",
                "keyboard_type_v2": "iso"
            }
        }
    ]
}