{
    "global": { "show_in_menu_bar": false },
    "profiles": [
        {
            "complex_modifications": {
                "rules": [
                    {
                        "description": "CAPS › ESC, CAPS+H/J/K/L › ←↓↑→, CAPS+DELETE › FORWARD DELETE, CAPS+U/I › PAGE_DOWN/PAGE_UP, CAPS+Y/O › HOME/END, CAPS+F/G/N/M › Word movement, CAPS+A/S/D/W › Word selection",
                        "manipulators": [
                            {
                                "conditions": [
                                    {
                                        "name": "caps_lock pressed",
                                        "type": "variable_if",
                                        "value": 1
                                    }
                                ],
                                "from": {
                                    "key_code": "delete_or_backspace",
                                    "modifiers": { "optional": ["any"] }
                                },
                                "to": [{ "key_code": "delete_forward" }],
                                "type": "basic"
                            },
                            {
                                "conditions": [
                                    {
                                        "name": "caps_lock pressed",
                                        "type": "variable_if",
                                        "value": 1
                                    }
                                ],
                                "from": {
                                    "key_code": "j",
                                    "modifiers": { "optional": ["any"] }
                                },
                                "to": [{ "key_code": "down_arrow" }],
                                "type": "basic"
                            },
                            {
                                "conditions": [
                                    {
                                        "name": "caps_lock pressed",
                                        "type": "variable_if",
                                        "value": 1
                                    }
                                ],
                                "from": {
                                    "key_code": "k",
                                    "modifiers": { "optional": ["any"] }
                                },
                                "to": [{ "key_code": "up_arrow" }],
                                "type": "basic"
                            },
                            {
                                "conditions": [
                                    {
                                        "name": "caps_lock pressed",
                                        "type": "variable_if",
                                        "value": 1
                                    }
                                ],
                                "from": {
                                    "key_code": "h",
                                    "modifiers": { "optional": ["any"] }
                                },
                                "to": [{ "key_code": "left_arrow" }],
                                "type": "basic"
                            },
                            {
                                "conditions": [
                                    {
                                        "name": "caps_lock pressed",
                                        "type": "variable_if",
                                        "value": 1
                                    }
                                ],
                                "from": {
                                    "key_code": "l",
                                    "modifiers": { "optional": ["any"] }
                                },
                                "to": [{ "key_code": "right_arrow" }],
                                "type": "basic"
                            },
                            {
                                "conditions": [
                                    {
                                        "name": "caps_lock pressed",
                                        "type": "variable_if",
                                        "value": 1
                                    }
                                ],
                                "from": {
                                    "key_code": "u",
                                    "modifiers": { "optional": ["any"] }
                                },
                                "to": [{ "key_code": "page_down" }],
                                "type": "basic"
                            },
                            {
                                "conditions": [
                                    {
                                        "name": "caps_lock pressed",
                                        "type": "variable_if",
                                        "value": 1
                                    }
                                ],
                                "from": {
                                    "key_code": "i",
                                    "modifiers": { "optional": ["any"] }
                                },
                                "to": [{ "key_code": "page_up" }],
                                "type": "basic"
                            },
                            {
                                "conditions": [
                                    {
                                        "name": "caps_lock pressed",
                                        "type": "variable_if",
                                        "value": 1
                                    }
                                ],
                                "from": {
                                    "key_code": "y",
                                    "modifiers": { "optional": ["any"] }
                                },
                                "to": [{ "key_code": "home" }],
                                "type": "basic"
                            },
                            {
                                "conditions": [
                                    {
                                        "name": "caps_lock pressed",
                                        "type": "variable_if",
                                        "value": 1
                                    }
                                ],
                                "from": {
                                    "key_code": "o",
                                    "modifiers": { "optional": ["any"] }
                                },
                                "to": [{ "key_code": "end" }],
                                "type": "basic"
                            },
                            {
                                "conditions": [
                                    {
                                        "name": "caps_lock pressed",
                                        "type": "variable_if",
                                        "value": 1
                                    }
                                ],
                                "from": {
                                    "key_code": "quote",
                                    "modifiers": { "optional": ["any"] }
                                },
                                "to": [{ "key_code": "caps_lock" }],
                                "type": "basic"
                            },
                            {
                                "conditions": [
                                    {
                                        "name": "caps_lock pressed",
                                        "type": "variable_if",
                                        "value": 1
                                    }
                                ],
                                "from": {
                                    "key_code": "f",
                                    "modifiers": { "optional": ["any"] }
                                },
                                "to": [
                                    {
                                        "key_code": "left_arrow",
                                        "modifiers": ["option"]
                                    }
                                ],
                                "type": "basic"
                            },
                            {
                                "conditions": [
                                    {
                                        "name": "caps_lock pressed",
                                        "type": "variable_if",
                                        "value": 1
                                    }
                                ],
                                "from": {
                                    "key_code": "g",
                                    "modifiers": { "optional": ["any"] }
                                },
                                "to": [
                                    {
                                        "key_code": "right_arrow",
                                        "modifiers": ["option"]
                                    }
                                ],
                                "type": "basic"
                            },
                            {
                                "conditions": [
                                    {
                                        "name": "caps_lock pressed",
                                        "type": "variable_if",
                                        "value": 1
                                    }
                                ],
                                "from": {
                                    "key_code": "n",
                                    "modifiers": { "optional": ["any"] }
                                },
                                "to": [
                                    {
                                        "key_code": "left_arrow",
                                        "modifiers": ["option"]
                                    }
                                ],
                                "type": "basic"
                            },
                            {
                                "conditions": [
                                    {
                                        "name": "caps_lock pressed",
                                        "type": "variable_if",
                                        "value": 1
                                    }
                                ],
                                "from": {
                                    "key_code": "m",
                                    "modifiers": { "optional": ["any"] }
                                },
                                "to": [
                                    {
                                        "key_code": "right_arrow",
                                        "modifiers": ["option"]
                                    }
                                ],
                                "type": "basic"
                            },
                            {
                                "conditions": [
                                    {
                                        "name": "caps_lock pressed",
                                        "type": "variable_if",
                                        "value": 1
                                    }
                                ],
                                "from": {
                                    "key_code": "a",
                                    "modifiers": { "optional": ["any"] }
                                },
                                "to": [
                                    {
                                        "key_code": "left_arrow",
                                        "modifiers": ["shift"]
                                    }
                                ],
                                "type": "basic"
                            },
                            {
                                "conditions": [
                                    {
                                        "name": "caps_lock pressed",
                                        "type": "variable_if",
                                        "value": 1
                                    }
                                ],
                                "from": {
                                    "key_code": "s",
                                    "modifiers": { "optional": ["any"] }
                                },
                                "to": [
                                    {
                                        "key_code": "down_arrow",
                                        "modifiers": ["shift"]
                                    }
                                ],
                                "type": "basic"
                            },
                            {
                                "conditions": [
                                    {
                                        "name": "caps_lock pressed",
                                        "type": "variable_if",
                                        "value": 1
                                    }
                                ],
                                "from": {
                                    "key_code": "d",
                                    "modifiers": { "optional": ["any"] }
                                },
                                "to": [
                                    {
                                        "key_code": "right_arrow",
                                        "modifiers": ["shift"]
                                    }
                                ],
                                "type": "basic"
                            },
                            {
                                "conditions": [
                                    {
                                        "name": "caps_lock pressed",
                                        "type": "variable_if",
                                        "value": 1
                                    }
                                ],
                                "from": {
                                    "key_code": "w",
                                    "modifiers": { "optional": ["any"] }
                                },
                                "to": [
                                    {
                                        "key_code": "up_arrow",
                                        "modifiers": ["shift"]
                                    }
                                ],
                                "type": "basic"
                            },
                            {
                                "conditions": [
                                    {
                                        "name": "caps_lock pressed",
                                        "type": "variable_if",
                                        "value": 1
                                    }
                                ],
                                "from": {
                                    "key_code": "q",
                                    "modifiers": { "optional": ["any"] }
                                },
                                "to": [
                                    {
                                        "key_code": "left_arrow",
                                        "modifiers": ["option", "shift"]
                                    }
                                ],
                                "type": "basic"
                            },
                            {
                                "conditions": [
                                    {
                                        "name": "caps_lock pressed",
                                        "type": "variable_if",
                                        "value": 1
                                    }
                                ],
                                "from": {
                                    "key_code": "e",
                                    "modifiers": { "optional": ["any"] }
                                },
                                "to": [
                                    {
                                        "key_code": "right_arrow",
                                        "modifiers": ["option", "shift"]
                                    }
                                ],
                                "type": "basic"
                            },
                            {
                                "from": {
                                    "key_code": "caps_lock",
                                    "modifiers": { "optional": ["any"] }
                                },
                                "to": [
                                    {
                                        "set_variable": {
                                            "name": "caps_lock pressed",
                                            "value": 1
                                        }
                                    }
                                ],
                                "to_after_key_up": [
                                    {
                                        "set_variable": {
                                            "name": "caps_lock pressed",
                                            "value": 0
                                        }
                                    }
                                ],
                                "to_if_alone": [{ "key_code": "escape" }],
                                "type": "basic"
                            }
                        ]
                    }
                ]
            },
            "devices": [
                {
                    "identifiers": {
                        "is_keyboard": true,
                        "is_pointing_device": true,
                        "product_id": 45914,
                        "vendor_id": 1133
                    },
                    "ignore": false,
                    "ignore_vendor_events": true,
                    "simple_modifications": [
                        {
                            "from": { "key_code": "right_command" },
                            "to": [{ "key_code": "right_option" }]
                        }
                    ],
                    "treat_as_built_in_keyboard": true
                }
            ],
            "name": "Default profile",
            "selected": true,
            "virtual_hid_keyboard": {
                "country_code": 0,
                "keyboard_type": "ansi",
                "keyboard_type_v2": "ansi"
            }
        },
        {
            "complex_modifications": {
                "rules": [
                    {
                        "description": "Lock keyboard - triple-tap Esc to unlock",
                        "manipulators": [
                            {
                                "conditions": [
                                    {
                                        "name": "esc_tap_count",
                                        "type": "variable_if",
                                        "value": 2
                                    }
                                ],
                                "from": { "key_code": "escape" },
                                "to": [
                                    { "shell_command": "/usr/bin/shortcuts run 'ToggleKeyboard'" },
                                    {
                                        "set_variable": {
                                            "name": "esc_tap_count",
                                            "value": 0
                                        }
                                    }
                                ],
                                "type": "basic"
                            },
                            {
                                "conditions": [
                                    {
                                        "name": "esc_tap_count",
                                        "type": "variable_if",
                                        "value": 1
                                    }
                                ],
                                "from": { "key_code": "escape" },
                                "parameters": { "basic.to_delayed_action_delay_milliseconds": 500 },
                                "to": [
                                    {
                                        "set_variable": {
                                            "name": "esc_tap_count",
                                            "value": 2
                                        }
                                    }
                                ],
                                "to_delayed_action": {
                                    "to_if_invoked": [
                                        {
                                            "set_variable": {
                                                "name": "esc_tap_count",
                                                "value": 0
                                            }
                                        }
                                    ]
                                },
                                "type": "basic"
                            },
                            {
                                "from": { "key_code": "escape" },
                                "parameters": { "basic.to_delayed_action_delay_milliseconds": 500 },
                                "to": [
                                    {
                                        "set_variable": {
                                            "name": "esc_tap_count",
                                            "value": 1
                                        }
                                    }
                                ],
                                "to_delayed_action": {
                                    "to_if_invoked": [
                                        {
                                            "set_variable": {
                                                "name": "esc_tap_count",
                                                "value": 0
                                            }
                                        }
                                    ]
                                },
                                "type": "basic"
                            },
                            {
                                "from": { "any": "key_code" },
                                "to": [{ "key_code": "vk_none" }],
                                "type": "basic"
                            }
                        ]
                    }
                ]
            },
            "name": "DisabledKeys",
            "virtual_hid_keyboard": { "keyboard_type_v2": "ansi" }
        }
    ]
}